{"data_x_no_norm": {"name": ["1KV13/1", "1KV13/2", "1KV13/3", "1KV13/4", "1KV17/1", "1KV17/10", "1KV17/11", "1KV17/12", "1KV17/2", "1KV17/3", "1KV17/4", "1KV17/4", "1KV17/5", "1KV17/6", "1KV17/7", "1KV17/8", "1KV17/9", "1KV22/1", "1KV22/10", "1KV22/11", "1KV22/12", "1KV22/13", "1KV22/2", "1KV22/3", "1KV22/4", "1KV22/5", "1KV22/6", "1KV22/7", "1KV22/8", "1KV22/9", "1KV3/1", "1KV3/10", "1KV3/11", "1KV3/12", "1KV3/12", "1KV3/13", "1KV3/14", "1KV3/15", "1KV3/16", "1KV3/17", "1KV3/18", "1KV3/2", "1KV3/2", "1KV3/3", "1KV3/4", "1KV3/5", "1KV3/6", "1KV3/7", "1KV3/8", "1KV3/9", "1KV18/7", "1KV18/6"], "age_years": [6, 38, 8, 9, 3, 50, 12, 48, 54, 47, 8, 14, 4, 50, 44, 44, 48, 8, 6, 6, 1, 39, 15, 6, 14, 17, 19, 52, 15, 5, 12, 47, 10, 12, 12, 16, 18, 5, 1, 19, 19, 45, 17, 13, 43, 11, 4, 20, 19, 16, 41, 38], "H1_fail_prob": [0.064738098, 0.243819791, 0.13921435, 0.083978003, 0.049915053, 0.208823341, 0.05744835, 0.109848423, 0.036439645, 0.085618812, 0.056768789, 0.002002936, 0.027206958, 0.208823341, 0.016212696, 0.084517106, 0.040556567, 0.058744334, 0.044479931, 0.038048565, 0.009203471, 0.057875399, 0.107307766, 0.022350835, 0.093278235, 0.094376625, 0.11347162, 0.071478145, 0.083752908, 0.028735453, 0.233067127, 0.115893369, 0.018660692, 0.03949376, 0.047203334, 0.052308641, 0.11803406, 0.00718129, 0.006042272, 0.178555612, 0.101581915, 0.073980513, 0.000587378, 0.058883083, 0.090894009, 0.095625226, 0.019014264, 0.09686533, 0.12770323, 0.028113391, 0.06452576, 0.062690498], "H2_criticality": [57, 57, 88, 88, 12, 88, 88, 88, 12, 12, 12, 12, 12, 57, 57, 57, 88, 58, 58, 58, 58, 58, 58, 58, 58, 58, 58, 58, 58, 58, 88, 88, 88, 88, 88, 88, 88, 88, 88, 88, 88, 88, 88, 88, 88, 88, 88, 88, 88, 88, 57, 57], "H3_energy": [348.75, 348.75, 1230.416667, 1230.416667, 302.6041667, 1230.416667, 1230.416667, 1230.416667, 302.6041667, 302.6041667, 302.6041667, 302.6041667, 302.6041667, 348.75, 348.75, 348.75, 1230.416667, 872.0895522, 872.0895522, 872.0895522, 872.0895522, 872.0895522, 872.0895522, 872.0895522, 872.0895522, 872.0895522, 872.0895522, 872.0895522, 872.0895522, 872.0895522, 1230.416667, 1230.416667, 1230.416667, 1230.416667, 1230.416667, 1230.416667, 1230.416667, 1230.416667, 1230.416667, 1230.416667, 1230.416667, 1230.416667, 1230.416667, 1230.416667, 1230.416667, 1230.416667, 1230.416667, 1230.416667, 1230.416667, 1230.416667, 348.75, 348.75], "asset_type": ["Line", "Line", "Line", "Line", "Line", "Line", "Line", "Line", "Line", "Line", "Line", "Line", "Line", "Line", "Line", "Line", "Line", "Line", "Line", "Line", "Line", "Line", "Line", "Line", "Line", "Line", "Line", "Line", "Line", "Line", "Line", "Line", "Line", "Line", "Line", "Line", "Line", "Line", "Line", "Line", "Line", "Line", "Line", "Line", "Line", "Line", "Line", "Line", "Line", "Line", "Line", "Line"]}, "mapping": [[1, 1, 0, 0, 1, 0, 0, 0, 1, 1, 1, 1, 1, 1, 1, 1, 0, 0, 0, 0, 0, 1, 1, 0, 1, 1, 1, 1, 1, 0, 0, 0, 0, 0, 0, 0, 0, 0, 0, 0, 0, 0, 0, 0, 0, 0, 0, 0, 0, 0, 1, 1], [2, 0, 1, 1, 2, 0, 1, 0, 0, 0, 2, 2, 2, 0, 0, 0, 0, 2, 2, 2, 2, 1, 1, 2, 1, 1, 1, 0, 1, 2, 1, 0, 1, 1, 1, 1, 1, 1, 1, 1, 1, 0, 1, 1, 0, 1, 1, 1, 1, 1, 0, 0]], "centroids": [[[46.768897259838816, 0.1058029184745757, 87.99932561567655, 1230.4029628317924], [12.661797945165015, 0.07440347424868095, 87.9998517170241, 1230.4148958591704], [5.305733515091883, 0.03325150800776373, 58.00081411737474, 872.0982166190352]], [[45.463173958695094, 0.09675442316519063, 47.21228106963187, 400.7422436739883], [19.68666629025534, 0.09188260991594195, 58.000639309655995, 872.0905767633508], [7.02349389524344, 0.03971000270580981, 20.698355728063383, 311.53968228031135]]], "Rows": 2, "Cols": 3, "file_vars": ["age_years", "H1_fail_prob", "H2_criticality", "H3_energy"], "asset_type_list": ["Trafo", "Trafo", "Trafo", "Trafo", "Trafo", "Trafo", "Trafo", "Trafo", "Trafo", "Trafo", "Trafo", "Trafo", "Trafo", "Trafo", "Trafo", "Trafo", "Trafo", "Trafo", "Trafo", "Trafo", "Trafo", "Trafo", "Trafo", "Trafo", "Trafo", "Trafo", "Trafo", "Trafo", "Trafo", "Trafo", "Trafo", "Trafo", "Trafo", "Trafo", "Trafo", "Trafo", "Trafo", "Trafo", "Trafo", "Trafo", "Trafo", "Trafo", "Trafo", "Trafo", "Trafo", "Trafo", "Trafo", "Trafo", "Trafo", "Trafo", "Trafo", "Trafo"], "assessment_type": "life_assessment", "classifier_var": false, "auxiliary_vars": null, "tag_var_0": "name", "asset_type_default": ["Trafo"]}