{"data_x_no_norm": {"name": ["1KV13/1", "1KV13/2", "1KV13/3", "1KV13/4", "1KV17/1", "1KV17/10", "1KV17/11", "1KV17/12", "1KV17/2", "1KV17/3", "1KV17/4", "1KV17/4", "1KV17/5", "1KV17/6", "1KV17/7", "1KV17/8", "1KV17/9", "1KV22/1", "1KV22/10", "1KV22/11", "1KV22/12", "1KV22/13", "1KV22/2", "1KV22/3", "1KV22/4", "1KV22/5", "1KV22/6", "1KV22/7", "1KV22/8", "1KV22/9", "1KV3/1", "1KV3/10", "1KV3/11", "1KV3/12", "1KV3/12", "1KV3/13", "1KV3/14", "1KV3/15", "1KV3/16", "1KV3/17", "1KV3/18", "1KV3/2", "1KV3/2", "1KV3/3", "1KV3/4", "1KV3/5", "1KV3/6", "1KV3/7", "1KV3/8", "1KV3/9", "1KV18/7", "1KV18/6"], "age_years": [6, 38, 8, 9, 3, 50, 12, 48, 54, 47, 8, 14, 4, 50, 44, 44, 48, 8, 6, 6, 1, 39, 15, 6, 14, 17, 19, 52, 15, 5, 12, 47, 10, 12, 12, 16, 18, 5, 1, 19, 19, 45, 17, 13, 43, 11, 4, 20, 19, 16, 41, 38], "H1_fail_prob": [0.064738098, 0.243819791, 0.13921435, 0.083978003, 0.049915053, 0.208823341, 0.05744835, 0.109848423, 0.036439645, 0.085618812, 0.056768789, 0.002002936, 0.027206958, 0.208823341, 0.016212696, 0.084517106, 0.040556567, 0.058744334, 0.044479931, 0.038048565, 0.009203471, 0.057875399, 0.107307766, 0.022350835, 0.093278235, 0.094376625, 0.11347162, 0.071478145, 0.083752908, 0.028735453, 0.233067127, 0.115893369, 0.018660692, 0.03949376, 0.047203334, 0.052308641, 0.11803406, 0.00718129, 0.006042272, 0.178555612, 0.101581915, 0.073980513, 0.000587378, 0.058883083, 0.090894009, 0.095625226, 0.019014264, 0.09686533, 0.12770323, 0.028113391, 0.06452576, 0.062690498], "H2_criticality": [57, 57, 88, 88, 12, 88, 88, 88, 12, 12, 12, 12, 12, 57, 57, 57, 88, 58, 58, 58, 58, 58, 58, 58, 58, 58, 58, 58, 58, 58, 88, 88, 88, 88, 88, 88, 88, 88, 88, 88, 88, 88, 88, 88, 88, 88, 88, 88, 88, 88, 57, 57], "H3_energy": [348.75, 348.75, 1230.416667, 1230.416667, 302.6041667, 1230.416667, 1230.416667, 1230.416667, 302.6041667, 302.6041667, 302.6041667, 302.6041667, 302.6041667, 348.75, 348.75, 348.75, 1230.416667, 872.0895522, 872.0895522, 872.0895522, 872.0895522, 872.0895522, 872.0895522, 872.0895522, 872.0895522, 872.0895522, 872.0895522, 872.0895522, 872.0895522, 872.0895522, 1230.416667, 1230.416667, 1230.416667, 1230.416667, 1230.416667, 1230.416667, 1230.416667, 1230.416667, 1230.416667, 1230.416667, 1230.416667, 1230.416667, 1230.416667, 1230.416667, 1230.416667, 1230.416667, 1230.416667, 1230.416667, 1230.416667, 1230.416667, 348.75, 348.75], "asset_type": ["Line", "Line", "Line", "Line", "Line", "Line", "Line", "Line", "Line", "Line", "Line", "Line", "Line", "Line", "Line", "Line", "Line", "Line", "Line", "Line", "Line", "Line", "Line", "Line", "Line", "Line", "Line", "Line", "Line", "Line", "Line", "Line", "Line", "Line", "Line", "Line", "Line", "Line", "Line", "Line", "Line", "Line", "Line", "Line", "Line", "Line", "Line", "Line", "Line", "Line", "Line", "Line"]}, "mapping": [[0, 0, 1, 1, 0, 0, 1, 0, 0, 0, 0, 0, 0, 0, 0, 0, 0, 1, 1, 1, 1, 1, 1, 1, 1, 1, 1, 0, 1, 1, 1, 0, 1, 1, 1, 1, 1, 1, 1, 1, 1, 0, 1, 1, 0, 1, 1, 1, 1, 1, 0, 0], [2, 1, 0, 0, 2, 0, 0, 0, 1, 1, 2, 2, 2, 1, 1, 1, 0, 2, 2, 2, 2, 1, 1, 2, 1, 1, 1, 0, 1, 2, 0, 0, 0, 0, 0, 0, 0, 0, 0, 0, 0, 0, 0, 0, 0, 0, 0, 0, 0, 0, 1, 1]], "centroids": [[[47.50246782178471, 0.10081181587008352, 83.71661431123133, 1179.250313475232], [44.582251055212666, 0.10015950954104173, 45.75863579055685, 337.234256748797], [7.024028242913985, 0.03971039375109736, 20.6982793767408, 311.53177372320255]], [[12.661832246845272, 0.07440357604812836, 87.99991359735535, 1230.4156349747032], [19.68656084347594, 0.09188247566973896, 58.000969276575795, 872.0955776318642], [5.305620117284451, 0.03325057612668798, 57.999670040191994, 872.084551376701]]], "Rows": 2, "Cols": 3, "file_vars": ["age_years", "H1_fail_prob", "H2_criticality", "H3_energy"], "asset_type_list": ["HEP - T. LINES", "HEP - T. LINES", "HEP - T. LINES", "HEP - T. LINES", "HEP - T. LINES", "HEP - T. LINES", "HEP - T. LINES", "HEP - T. LINES", "HEP - T. LINES", "HEP - T. LINES", "HEP - T. LINES", "HEP - T. LINES", "HEP - T. LINES", "HEP - T. LINES", "HEP - T. LINES", "HEP - T. LINES", "HEP - T. LINES", "HEP - T. LINES", "HEP - T. LINES", "HEP - T. LINES", "HEP - T. LINES", "HEP - T. LINES", "HEP - T. LINES", "HEP - T. LINES", "HEP - T. LINES", "HEP - T. LINES", "HEP - T. LINES", "HEP - T. LINES", "HEP - T. LINES", "HEP - T. LINES", "HEP - T. LINES", "HEP - T. LINES", "HEP - T. LINES", "HEP - T. LINES", "HEP - T. LINES", "HEP - T. LINES", "HEP - T. LINES", "HEP - T. LINES", "HEP - T. LINES", "HEP - T. LINES", "HEP - T. LINES", "HEP - T. LINES", "HEP - T. LINES", "HEP - T. LINES", "HEP - T. LINES", "HEP - T. LINES", "HEP - T. LINES", "HEP - T. LINES", "HEP - T. LINES", "HEP - T. LINES", "HEP - T. LINES", "HEP - T. LINES"], "assessment_type": "life_assessment", "classifier_var": false, "auxiliary_vars": null, "tag_var_0": "name", "asset_type_default": ["HEP - T. LINES"]}