{"data_x_no_norm": {"name": ["1KV13/1", "1KV13/2", "1KV13/3", "1KV13/4", "1KV17/1", "1KV17/10", "1KV17/11", "1KV17/12", "1KV17/2", "1KV17/3", "1KV17/4", "1KV17/4", "1KV17/5", "1KV17/6", "1KV17/7", "1KV17/8", "1KV17/9", "1KV22/1", "1KV22/10", "1KV22/11", "1KV22/12", "1KV22/13", "1KV22/2", "1KV22/3", "1KV22/4", "1KV22/5", "1KV22/6", "1KV22/7", "1KV22/8", "1KV22/9", "1KV3/1", "1KV3/10", "1KV3/11", "1KV3/12", "1KV3/12", "1KV3/13", "1KV3/14", "1KV3/15", "1KV3/16", "1KV3/17", "1KV3/18", "1KV3/2", "1KV3/2", "1KV3/3", "1KV3/4", "1KV3/5", "1KV3/6", "1KV3/7", "1KV3/8", "1KV3/9", "1KV18/7", "1KV18/6"], "repair_time": [4, 4, 4, 4, 4, 6, 4, 6, 6, 6, 4, 4, 4, 6, 6, 6, 6, 4, 4, 4, 4, 6, 4, 4, 4, 4, 4, 6, 4, 4, 4, 6, 4, 4, 4, 4, 4, 4, 4, 4, 4, 6, 4, 4, 6, 4, 4, 4, 4, 4, 6, 6], "cost_failure": [15174.0, 15174.0, 15174.0, 15174.0, 34083.0, 34083.0, 34083.0, 34083.0, 34083.0, 34083.0, 34083.0, 34083.0, 34083.0, 34083.0, 34083.0, 34083.0, 34083.0, 19749.0, 19749.0, 19749.0, 19749.0, 19749.0, 19749.0, 19749.0, 19749.0, 19749.0, 19749.0, 19749.0, 19749.0, 19749.0, 43672.0, 43672.0, 43672.0, 43672.0, 43672.0, 43672.0, 43672.0, 43672.0, 43672.0, 43672.0, 43672.0, 43672.0, 43672.0, 43672.0, 43672.0, 43672.0, 43672.0, 43672.0, 43672.0, 43672.0, 43672.0, 43672.0]}, "mapping": [[0, 0, 0, 0, 0, 0, 0, 0, 0, 0, 0, 0, 0, 0, 0, 0, 0, 0, 0, 0, 0, 0, 0, 0, 0, 0, 0, 0, 0, 0, 0, 0, 0, 0, 0, 0, 0, 0, 0, 0, 0, 0, 0, 0, 0, 0, 0, 0, 0, 0, 0, 0], [1, 1, 1, 1, 0, 2, 0, 2, 2, 2, 0, 0, 0, 2, 2, 2, 2, 1, 1, 1, 1, 2, 1, 1, 1, 1, 1, 2, 1, 1, 0, 2, 0, 0, 0, 0, 0, 0, 0, 0, 0, 2, 0, 0, 2, 0, 0, 0, 0, 0, 2, 2]], "centroids": [[[4.0, 41728.39964783023], [4.000018301058766, 18640.051783094994], [5.9999811236086344, 35319.80112003366]]], "Rows": 1, "Cols": 3, "file_vars": ["repair_time", "cost_failure"], "asset_type_list": ["HEP - T. LINES", "HEP - T. LINES", "HEP - T. LINES", "HEP - T. LINES", "HEP - T. LINES", "HEP - T. LINES", "HEP - T. LINES", "HEP - T. LINES", "HEP - T. LINES", "HEP - T. LINES", "HEP - T. LINES", "HEP - T. LINES", "HEP - T. LINES", "HEP - T. LINES", "HEP - T. LINES", "HEP - T. LINES", "HEP - T. LINES", "HEP - T. LINES", "HEP - T. LINES", "HEP - T. LINES", "HEP - T. LINES", "HEP - T. LINES", "HEP - T. LINES", "HEP - T. LINES", "HEP - T. LINES", "HEP - T. LINES", "HEP - T. LINES", "HEP - T. LINES", "HEP - T. LINES", "HEP - T. LINES", "HEP - T. LINES", "HEP - T. LINES", "HEP - T. LINES", "HEP - T. LINES", "HEP - T. LINES", "HEP - T. LINES", "HEP - T. LINES", "HEP - T. LINES", "HEP - T. LINES", "HEP - T. LINES", "HEP - T. LINES", "HEP - T. LINES", "HEP - T. LINES", "HEP - T. LINES", "HEP - T. LINES", "HEP - T. LINES", "HEP - T. LINES", "HEP - T. LINES", "HEP - T. LINES", "HEP - T. LINES", "HEP - T. LINES", "HEP - T. LINES"], "assessment_type": "maintenance_strategy", "classifier_var": false, "auxiliary_vars": null, "tag_var_0": "name", "asset_type_default": ["HEP - T. LINES"]}