{"data_x_no_norm": {"PT_id": ["SUBST01-TR1", "SUBST01- TR2", "SUBST29-TR1", "SUBST29-TR2", "SUBST35-TR1", "SUBST35-TR2", "SUBST19-TR1", "SUBST19-TR2", "SUBST55-TR1", "SUBST55-TR2", "SUBST42-TR1", "SUBST42-TR2", "SUBST26-TR1", "SUBST05-TR1", "SUBST05-TR2"], "H1_Clients affected": [16300, 18600, 3700, 7300, 9000, 0, 1800, 4200, 20000, 4000, 10400, 6600, 21000, 25000, 18000], "H2_ENS_in_fault": [19.3, 14.8, 4.3, 10.6, 20.6, 0.0, 5.3, 11.0, 4.9, 1.6, 17.3, 7.4, 15.6, 8.6, 5.8], "H3_Mean_load (Y)": [10.374, 11.862, 4.062, 8.049, 12.646, 0.0, 3.336, 7.938, 4.734, 0.944, 10.378, 6.605, 8.52, 5.466, 3.786], "H4_Failure_cost (?)": [2245, 1721, 500, 1233, 2396, 0, 616, 1279, 570, 186, 2012, 861, 1814, 1000, 675]}, "mapping": [[0, 0, 0, 0, 0, 0, 0, 0, 0, 0, 0, 0, 0, 0, 0], [0, 0, 2, 1, 0, 2, 2, 1, 1, 2, 0, 1, 0, 1, 1]], "centroids": [[[15064.794566527145, 17.5033295047966, 10.738251548416274, 2035.6574250772144], [13660.087285596697, 8.010027334130745, 6.058713158164861, 931.6870771201269], [2381.0578972787894, 2.794221255071947, 2.072961158330174, 324.8271843234116]]], "Rows": 1, "Cols": 3, "file_vars": ["H1_Clients affected", "H2_ENS_in_fault", "H3_Mean_load (Y)", "H4_Failure_cost (?)"], "asset_type_list": ["HOPS - TRANSFORMERS", "HOPS - TRANSFORMERS", "HOPS - TRANSFORMERS", "HOPS - TRANSFORMERS", "HOPS - TRANSFORMERS", "HOPS - TRANSFORMERS", "HOPS - TRANSFORMERS", "HOPS - TRANSFORMERS", "HOPS - TRANSFORMERS", "HOPS - TRANSFORMERS", "HOPS - TRANSFORMERS", "HOPS - TRANSFORMERS", "HOPS - TRANSFORMERS", "HOPS - TRANSFORMERS", "HOPS - TRANSFORMERS"], "assessment_type": "economic_impact", "classifier_var": false, "auxiliary_vars": null, "tag_var_0": "PT_id", "asset_type_default": ["HOPS - TRANSFORMERS"]}