{"data_x_no_norm": {"PT_id": ["SUBST01-TR1", "SUBST01- TR2", "SUBST29-TR1", "SUBST29-TR2", "SUBST35-TR1", "SUBST35-TR2", "SUBST19-TR1", "SUBST19-TR2", "SUBST55-TR1", "SUBST55-TR2", "SUBST42-TR1", "SUBST42-TR2", "SUBST26-TR1", "SUBST05-TR1", "SUBST05-TR2"], "H1_age_years": [3, 3, 53, 51, 8, 51, 32, 36, 8, 42, 21, 8, 22, 25, 14], "H2_failure_probaility": [0.113079563, 0.113079563, 0.879968371, 0.869971289, 0.273850963, 0.869971289, 0.7219627, 0.763072241, 0.273850963, 0.813626024, 0.568289477, 0.273850963, 0.585217088, 0.632120559, 0.428790936], "H3_Age_dependent_unavailability": [0.00082382, 0.000494483, 0.005890329, 0.003754661, 0.003392694, 0.004132968, 0.000409627, 0.000380137, 0.00018082, 0.000153349, 0.000140221, 0.000448225, 0.000156012, 0.005025304, 0.003605023], "H4_load_over_50": [29.3, 34.0, 0.0, 0.0, 4.38, 0.0, 0.0, 0.0, 0.0, 0.0, 14.22, 7.64, 0.42, 0.54, 0.09]}, "mapping": [[0, 0, 0, 0, 0, 0, 0, 0, 0, 0, 0, 0, 0, 0, 0], [2, 2, 0, 0, 2, 0, 1, 1, 2, 1, 1, 2, 1, 0, 1]], "centroids": [[[44.82266131711481, 0.8114375300138976, 0.0046961810066053385, 0.13845037176291053], [27.617524544977652, 0.6436596392289969, 0.0008291423246578318, 2.476538209743317], [6.050529288394012, 0.21116418365221962, 0.0010642970122492592, 14.804827134064075]]], "Rows": 1, "Cols": 3, "file_vars": ["H1_age_years", "H2_failure_probaility", "H3_Age_dependent_unavailability", "H4_load_over_50"], "asset_type_list": ["HOPS - TRANSFORMERS", "HOPS - TRANSFORMERS", "HOPS - TRANSFORMERS", "HOPS - TRANSFORMERS", "HOPS - TRANSFORMERS", "HOPS - TRANSFORMERS", "HOPS - TRANSFORMERS", "HOPS - TRANSFORMERS", "HOPS - TRANSFORMERS", "HOPS - TRANSFORMERS", "HOPS - TRANSFORMERS", "HOPS - TRANSFORMERS", "HOPS - TRANSFORMERS", "HOPS - TRANSFORMERS", "HOPS - TRANSFORMERS"], "assessment_type": "life_assessment", "classifier_var": false, "auxiliary_vars": null, "tag_var_0": "PT_id", "asset_type_default": ["HOPS - TRANSFORMERS"]}