{"mse": 0.4294548034667969, "sem": 2.379789113998413}