{"data_x_no_norm": {"name": ["SUBST34-SUBST29", "SUBST29-SUBST01", "SUBST19-SUBST01", "SUBST36-SUBST01", "SUBST35-SUBST36", "SUBST34-SUBST35", "SUBST05-SUBST01", "SUBST42-SUBST05", "SUBST01-SUBST55", "SUBST26-SUBST55"], "H1_Clients affected": [19000.0, 10100.0, 13500.0, 6000.0, 13500.0, 4500.0, 24800.0, 19000.0, 15000.0, 31500.0], "H2_ENS_in_fault": [17.0, 9.0, 12.0, 71.0, 12.0, 4.0, 22.0, 17.0, 14.0, 28.0], "H3_Mean_load (Y)": [23.16, 11.2, 11.37, 38.28, 13.55, 5.94, 14.49, 7.79, 12.56, 13.42], "H4_Failure_cost (?)": [1974.0, 1045.0, 1394.0, 8245.0, 1394.0, 465.0, 2555.0, 1974.0, 1626.0, 3252.0]}, "mapping": [[0, 0, 0, 0, 0, 0, 0, 0, 0, 0], [1, 0, 0, 2, 0, 0, 1, 1, 0, 1]], "centroids": [[[11322.902345175124, 10.206950094731937, 10.914983626023698, 1185.6095526683985], [23641.617109817616, 21.058990526296988, 14.640147972473716, 2445.6034343147553], [6000.833228616157, 70.99763185200938, 38.278882311578315, 8244.724998850183]]], "Rows": 1, "Cols": 3, "file_vars": ["H1_Clients affected", "H2_ENS_in_fault", "H3_Mean_load (Y)", "H4_Failure_cost (?)"], "asset_type_list": ["HOPS - T. LINES", "HOPS - T. LINES", "HOPS - T. LINES", "HOPS - T. LINES", "HOPS - T. LINES", "HOPS - T. LINES", "HOPS - T. LINES", "HOPS - T. LINES", "HOPS - T. LINES", "HOPS - T. LINES"], "assessment_type": "economic_impact", "classifier_var": false, "auxiliary_vars": null, "tag_var_0": "name", "asset_type_default": ["HOPS - T. LINES"]}