{"data_x_no_norm": {"Power_line_id": ["SUBST34-SUBST29", "SUBST29-SUBST01", "SUBST19-SUBST01", "SUBST36-SUBST01", "SUBST35-SUBST36", "SUBST34-SUBST35", "SUBST05-SUBST01", "SUBST42-SUBST05", "SUBST01-SUBST55", "SUBST26-SUBST55"], "H1_age_years": [50, 50, 37, 35, 33, 34, 52, 55, 41, 38], "H2_failure_probaility": [0.997866518, 0.622807646, 0.561808829, 0.450364529, 0.283444805, 0.319004785, 0.811602276, 0.865675935, 0.735099236, 0.748270455], "H3_criticallity": [2, 2, 1, 2, 2, 2, 2, 2, 2, 2], "H4_Age_dependent_unavailability": [0.00019121, 0.001807078, 0.00137356, 0.0, 0.000144787, 0.000244102, 0.000482686, 0.00043609, 0.000957572, 0.000208714], "H5_over_50": [12.78, 0.0, 0.0, 30.54, 0.0, 0.1, 0.78, 0.0, 0.0, 0.37]}, "mapping": [[0, 0, 1, 0, 1, 1, 0, 0, 0, 1], [0, 0, 1, 1, 0, 0, 0, 0, 0, 0]], "centroids": [[[49.55539453753735, 0.8056664609264468, 1.999999999984313, 0.0007754501234462477, 2.626816854745046], [35.00088620123326, 0.4503868883386018, 1.999988286502656, 6.180570851712995e-08, 30.53799652825719]], [[35.02830608561028, 0.45285733375403364, 1.9999969979168868, 0.00019957019514348963, 0.15878168421045724], [36.99990475915004, 0.5618035134875172, 1.0000475821673713, 0.0013735017489431855, 0.00036930333657627594]]], "Rows": 2, "Cols": 2, "file_vars": ["H1_age_years", "H2_failure_probaility", "H3_criticallity", "H4_Age_dependent_unavailability", "H5_over_50"], "asset_type_list": ["HOPS - T. LINES", "HOPS - T. LINES", "HOPS - T. LINES", "HOPS - T. LINES", "HOPS - T. LINES", "HOPS - T. LINES", "HOPS - T. LINES", "HOPS - T. LINES", "HOPS - T. LINES", "HOPS - T. LINES"], "assessment_type": "life_assessment", "classifier_var": false, "auxiliary_vars": null, "tag_var_0": "Power_line_id", "asset_type_default": ["HOPS - T. LINES"]}