{"data_x_no_norm": {"Power_line_id": ["SUBST34-SUBST29", "SUBST29-SUBST01", "SUBST19-SUBST01", "SUBST36-SUBST01", "SUBST35-SUBST36", "SUBST34-SUBST35", "SUBST05-SUBST01", "SUBST42-SUBST05", "SUBST01-SUBST55", "SUBST26-SUBST55"], "H1_Maint_cycles_A(y)": [6, 6, 6, 6, 6, 6, 6, 6, 6, 6], "H2_Review_A(man/day)": [4, 7, 7, 6, 3, 4, 11, 12, 11, 12], "H3_Maint_cycles_B(y)": [5, 5, 5, 5, 5, 5, 5, 5, 5, 5], "H4_Review_B(man/day)": [10, 16, 18, 14, 8, 9, 26, 29, 26, 29], "H5_Maint_cycles_C(y)": [9.0, 9.0, 9.0, 9.0, 9.0, 9.0, 9.0, 9.0, 9.0, 9.0], "H6_Review_C(man/day)": [25, 39, 45, 34, 20, 23, 64, 73, 65, 73]}, "mapping": [[0, 0, 0, 0, 0, 0, 0, 0, 0, 0], [0, 1, 1, 1, 0, 0, 2, 2, 2, 2]], "centroids": [[[5.999999999999993, 3.6667329498579093, 4.999999999999994, 8.994513649858956, 8.99999999999999, 22.655757196551072], [5.999999999999993, 6.661063903642462, 4.999999999999995, 15.988745114351431, 8.99999999999999, 39.305180753204624], [5.999999999999993, 11.504178366746931, 4.999999999999995, 27.51255464244271, 8.99999999999999, 68.78976627361595]]], "Rows": 1, "Cols": 3, "file_vars": ["H1_Maint_cycles_A(y)", "H2_Review_A(man/day)", "H3_Maint_cycles_B(y)", "H4_Review_B(man/day)", "H5_Maint_cycles_C(y)", "H6_Review_C(man/day)"], "asset_type_list": ["HOPS - T. LINES", "HOPS - T. LINES", "HOPS - T. LINES", "HOPS - T. LINES", "HOPS - T. LINES", "HOPS - T. LINES", "HOPS - T. LINES", "HOPS - T. LINES", "HOPS - T. LINES", "HOPS - T. LINES"], "assessment_type": "maintenance_strategy", "classifier_var": false, "auxiliary_vars": null, "tag_var_0": "Power_line_id", "asset_type_default": ["HOPS - T. LINES"]}