{"data_x_no_norm": {"name": ["2", "5", "8", "11", "13", "14", "15", "19", "21", "24", "25", "28", "32", "33", "38", "39", "42", "44", "46", "47", "48", "51", "52", "53", "54", "55", "56", "57", "58", "59", "60", "61", "62", "73", "74_1", "74_2", "81", "88", "12", "72"], "cost_failure": [4916.0, 6014.0, 4837.0, 4341.0, 1334.0, 4445.0, 1883.0, 7374.0, 2589.0, 4184.0, 5360.0, 7269.0, 3922.0, 3687.0, 2824.0, 9544.0, 3423.0, 8812.0, 105.0, 4707.0, 12943.0, 4027.0, 2170.0, 5674.0, 3373.0, 7243.0, 3373.0, 4184.0, 52.0, 3556.0, 78.0, 3425.0, 1508.0, 1360.0, 3373.0, 5334.0, 1229.0, 157.0, 6681.111638, 6681.111638], "customers_affected": [188, 230, 185, 166, 34, 170, 72, 282, 0, 99, 160, 278, 150, 141, 108, 365, 119, 337, 2, 0, 180, 204, 495, 81, 140, 2, 83, 217, 277, 160, 109, 1, 136, 0, 168, 168, 3, 52, 241, 199], "value_lost_load": [2224630.35, 2507883.35, 1863856.45, 1443856.5, 0.0, 1638164.65, 652719.05, 3403134.6, 281550.85, 883650.65, 903618.1, 4016730.75, 1760786.6, 1223558.65, 714644.55, 2227574.15, 2633087.2, 1801057.6, 703128.2, 810274.5, 1407590.9, 1579508.9, 2561804.85, 783013.05, 1735496.25, 296352.7, 610540.6, 1332857.5, 1515936.6, 1000782.8, 2180810.3, 1345.6, 1236567.0, 426930.75, 1875852.0, 0.0, 461929.4, 241592.4, 2095855.55, 1567157.45], "asset_type": ["Trafo", "Trafo", "Trafo", "Trafo", "Trafo", "Trafo", "Trafo", "Trafo", "Trafo", "Trafo", "Trafo", "Trafo", "Trafo", "Trafo", "Trafo", "Trafo", "Trafo", "Trafo", "Trafo", "Trafo", "Trafo", "Trafo", "Trafo", "Trafo", "Trafo", "Trafo", "Trafo", "Trafo", "Trafo", "Trafo", "Trafo", "Trafo", "Trafo", "Trafo", "Trafo", "Trafo", "Trafo", "Trafo", "Trafo", "Trafo"]}, "mapping": [[0, 0, 0, 0, 0, 0, 0, 0, 0, 0, 0, 0, 0, 0, 0, 0, 0, 0, 0, 0, 0, 0, 0, 0, 0, 0, 0, 0, 0, 0, 0, 0, 0, 0, 0, 0, 0, 0, 0, 0], [1, 0, 1, 1, 2, 1, 2, 0, 2, 2, 1, 0, 1, 1, 2, 0, 1, 0, 2, 2, 0, 1, 0, 2, 1, 2, 2, 1, 1, 1, 1, 2, 1, 2, 1, 2, 2, 2, 0, 1]], "centroids": [[[7594.515200282762, 301.8481785255718, 2486579.110870841], [3582.6956642277787, 169.98714940631206, 1625930.1702865881], [3026.5603374320344, 47.0086708069843, 451346.3062047201]]], "Rows": 1, "Cols": 3, "file_vars": ["cost_failure", "customers_affected", "value_lost_load"], "asset_type_list": ["HEP - TRANSFORMERS", "HEP - TRANSFORMERS", "HEP - TRANSFORMERS", "HEP - TRANSFORMERS", "HEP - TRANSFORMERS", "HEP - TRANSFORMERS", "HEP - TRANSFORMERS", "HEP - TRANSFORMERS", "HEP - TRANSFORMERS", "HEP - TRANSFORMERS", "HEP - TRANSFORMERS", "HEP - TRANSFORMERS", "HEP - TRANSFORMERS", "HEP - TRANSFORMERS", "HEP - TRANSFORMERS", "HEP - TRANSFORMERS", "HEP - TRANSFORMERS", "HEP - TRANSFORMERS", "HEP - TRANSFORMERS", "HEP - TRANSFORMERS", "HEP - TRANSFORMERS", "HEP - TRANSFORMERS", "HEP - TRANSFORMERS", "HEP - TRANSFORMERS", "HEP - TRANSFORMERS", "HEP - TRANSFORMERS", "HEP - TRANSFORMERS", "HEP - TRANSFORMERS", "HEP - TRANSFORMERS", "HEP - TRANSFORMERS", "HEP - TRANSFORMERS", "HEP - TRANSFORMERS", "HEP - TRANSFORMERS", "HEP - TRANSFORMERS", "HEP - TRANSFORMERS", "HEP - TRANSFORMERS", "HEP - TRANSFORMERS", "HEP - TRANSFORMERS", "HEP - TRANSFORMERS", "HEP - TRANSFORMERS"], "assessment_type": "economic_impact", "classifier_var": false, "auxiliary_vars": null, "tag_var_0": "name", "asset_type_default": ["HEP - TRANSFORMERS"]}