{"data_x_no_norm": {"name": ["2", "5", "8", "11", "13", "14", "15", "19", "21", "24", "25", "28", "32", "33", "38", "39", "42", "44", "46", "47", "48", "51", "52", "53", "54", "55", "56", "57", "58", "59", "60", "61", "62", "73", "74_1", "74_2", "81", "88", "12", "72"], "external_condition": [2, 2, 3, 2, 2, 2, 3, 2, 2, 2, 3, 1, 2, 3, 3, 3, 2, 3, 3, 3, 2, 2, 2, 3, 2, 2, 3, 2, 3, 3, 2, 2, 3, 3, 2, 3, 2, 3, 2, 2], "cost_failure": [4916.0, 6014.0, 4837.0, 4341.0, 1334.0, 4445.0, 1883.0, 7374.0, 2589.0, 4184.0, 5360.0, 7269.0, 3922.0, 3687.0, 2824.0, 9544.0, 3423.0, 8812.0, 105.0, 4707.0, 12943.0, 4027.0, 2170.0, 5674.0, 3373.0, 7243.0, 3373.0, 4184.0, 52.0, 3556.0, 78.0, 3425.0, 1508.0, 1360.0, 3373.0, 5334.0, 1229.0, 157.0, 6681.11, 6681.11]}, "mapping": [[1, 1, 0, 1, 1, 1, 0, 1, 1, 1, 0, 1, 1, 0, 0, 0, 1, 0, 0, 0, 1, 1, 1, 0, 1, 1, 0, 1, 0, 0, 1, 1, 0, 0, 1, 0, 1, 0, 1, 1], [0, 1, 1, 0, 0, 0, 0, 1, 0, 0, 1, 1, 0, 0, 0, 1, 0, 1, 0, 1, 1, 0, 0, 1, 0, 1, 0, 0, 0, 0, 0, 0, 0, 0, 0, 1, 0, 0, 1, 1]], "centroids": [[[2.99998527540254, 1823.9684408879154], [2.9999884908443732, 6316.839297444534]], [[2.0000052872011596, 3145.161507841959], [1.8596062047480302, 7744.2770614428555]]], "Rows": 2, "Cols": 2, "file_vars": ["external_condition", "cost_failure"], "asset_type_list": ["HEP - TRANSFORMERS", "HEP - TRANSFORMERS", "HEP - TRANSFORMERS", "HEP - TRANSFORMERS", "HEP - TRANSFORMERS", "HEP - TRANSFORMERS", "HEP - TRANSFORMERS", "HEP - TRANSFORMERS", "HEP - TRANSFORMERS", "HEP - TRANSFORMERS", "HEP - TRANSFORMERS", "HEP - TRANSFORMERS", "HEP - TRANSFORMERS", "HEP - TRANSFORMERS", "HEP - TRANSFORMERS", "HEP - TRANSFORMERS", "HEP - TRANSFORMERS", "HEP - TRANSFORMERS", "HEP - TRANSFORMERS", "HEP - TRANSFORMERS", "HEP - TRANSFORMERS", "HEP - TRANSFORMERS", "HEP - TRANSFORMERS", "HEP - TRANSFORMERS", "HEP - TRANSFORMERS", "HEP - TRANSFORMERS", "HEP - TRANSFORMERS", "HEP - TRANSFORMERS", "HEP - TRANSFORMERS", "HEP - TRANSFORMERS", "HEP - TRANSFORMERS", "HEP - TRANSFORMERS", "HEP - TRANSFORMERS", "HEP - TRANSFORMERS", "HEP - TRANSFORMERS", "HEP - TRANSFORMERS", "HEP - TRANSFORMERS", "HEP - TRANSFORMERS", "HEP - TRANSFORMERS", "HEP - TRANSFORMERS"], "assessment_type": "maintenance_strategy", "classifier_var": false, "auxiliary_vars": null, "tag_var_0": "name", "asset_type_default": ["HEP - TRANSFORMERS"]}