{"data_x_no_norm": {"Substation_ID": ["SUBST01", "SUBST01", "SUBST01", "SUBST01", "SUBST01", "SUBST29", "SUBST29", "SUBST29", "SUBST29", "SUBST35", "SUBST35", "SUBST35", "SUBST35", "SUBST19", "SUBST19", "SUBST19", "SUBST34", "SUBST34", "SUBST34", "SUBST34", "SUBST36", "SUBST36", "SUBST36", "SUBST36", "SUBST01", "SUBST01", "SUBST55", "SUBST55", "SUBST55", "SUBST55", "SUBST05", "SUBST05", "SUBST05", "SUBST05", "SUBST26", "SUBST26", "SUBST42", "SUBST42", "SUBST42"], "Field type": [2, 2, 1, 1, 1, 1, 2, 2, 1, 1, 2, 1, 2, 1, 2, 2, 3, 3, 1, 1, 1, 3, 1, 3, 1, 1, 1, 1, 2, 2, 1, 1, 2, 2, 1, 2, 1, 2, 2], "Age": [8, 8, 7, 7, 7, 21, 21, 21, 21, 34, 27, 34, 34, 35, 35, 32, 20, 20, 0, 0, 34, 34, 34, 34, 7, 7, 13, 13, 13, 13, 34, 35, 34, 35, 12, 9, 25, 24, 23], "Nominal_voltage": [145, 145, 145, 145, 145, 123, 123, 123, 123, 123, 123, 123, 123, 123, 123, 123, 145, 145, 123, 123, 123, 123, 123, 123, 145, 145, 123, 123, 123, 123, 123, 123, 123, 123, 123, 123, 123, 123, 123], "Rated_short-circuit_breaking_current": [40.0, 40.0, 40.0, 40.0, 40.0, 31.5, 31.5, 31.5, 31.5, 31.5, 31.5, 31.5, 31.5, 31.5, 31.5, 31.5, 40.0, 40.0, 65.0, 65.0, 31.5, 31.5, 31.5, 31.5, 40.0, 40.0, 40.0, 40.0, 40.0, 40.0, 31.5, 31.6, 31.7, 31.8, 40.0, 40.0, 40.0, 40.0, 40.0], "switchings_operations_2020": [11, 12, 24, 3, 10, 35, 6, 9, 19, 6, 6, 19, 3, 25, 28, 29, 44, 431, 302, 373, 3, 44, 5, 44, 4, 15, 7, 12, 4, 8, 14, 26, 12, 13, 10, 5, 76, 3, 15]}, "mapping": [[1, 1, 1, 1, 1, 0, 1, 1, 0, 0, 1, 0, 1, 0, 1, 1, 1, 1, 0, 0, 0, 1, 0, 1, 1, 1, 0, 0, 1, 1, 0, 0, 1, 1, 0, 1, 0, 1, 1], [0, 0, 0, 0, 0, 1, 1, 1, 1, 2, 2, 2, 2, 2, 2, 2, 0, 0, 0, 0, 2, 2, 2, 2, 0, 0, 1, 1, 1, 1, 2, 2, 2, 2, 1, 1, 1, 1, 1]], "centroids": [[[1.0000544410011145, 0.001799722081733096, 123.00181770693798, 64.99639298689095, 337.7657833027538], [1.000012092207374, 17.6080854917507, 123.00000000368692, 37.07075514826803, 26.77064089165191], [1.0000144457961158, 34.29041472024068, 123.0, 31.51506869519512, 14.073713681030153]], [[1.642545453323931, 9.945301271255346, 144.99978991647973, 40.00003180337347, 58.995070564026086], [1.9999899336808498, 17.843957968487786, 123.00027816665249, 37.468242199925726, 7.194351614336602], [2.254062445581692, 33.182161096170184, 123.0, 31.565853594587384, 22.532857726318284]]], "Rows": 2, "Cols": 3, "file_vars": ["Field type", "Age", "Nominal_voltage", "Rated_short-circuit_breaking_current", "switchings_operations_2020"], "asset_type_list": ["HOPS - C. BREAKERS", "HOPS - C. BREAKERS", "HOPS - C. BREAKERS", "HOPS - C. BREAKERS", "HOPS - C. BREAKERS", "HOPS - C. BREAKERS", "HOPS - C. BREAKERS", "HOPS - C. BREAKERS", "HOPS - C. BREAKERS", "HOPS - C. BREAKERS", "HOPS - C. BREAKERS", "HOPS - C. BREAKERS", "HOPS - C. BREAKERS", "HOPS - C. BREAKERS", "HOPS - C. BREAKERS", "HOPS - C. BREAKERS", "HOPS - C. BREAKERS", "HOPS - C. BREAKERS", "HOPS - C. BREAKERS", "HOPS - C. BREAKERS", "HOPS - C. BREAKERS", "HOPS - C. BREAKERS", "HOPS - C. BREAKERS", "HOPS - C. BREAKERS", "HOPS - C. BREAKERS", "HOPS - C. BREAKERS", "HOPS - C. BREAKERS", "HOPS - C. BREAKERS", "HOPS - C. BREAKERS", "HOPS - C. BREAKERS", "HOPS - C. BREAKERS", "HOPS - C. BREAKERS", "HOPS - C. BREAKERS", "HOPS - C. BREAKERS", "HOPS - C. BREAKERS", "HOPS - C. BREAKERS", "HOPS - C. BREAKERS", "HOPS - C. BREAKERS", "HOPS - C. BREAKERS"], "assessment_type": "life_assessment", "classifier_var": false, "auxiliary_vars": null, "tag_var_0": "Substation_ID", "asset_type_default": ["HOPS - C. BREAKERS"]}