mse;sem
0.4294548034667969;2.379789113998413